INSERT INTO user VALUES 
(1,'kimssafy','123','κΉ€μ‹Έν”Ό','κΉ€λ‹‰','kimssafy@email.com',1,now()),
(2,'leessafy','123','μ΄μ‹Έν”Ό','μ΄λ‹‰','leessafy@email.com',1,now()),
(3,'parkssafy','123','λ°•μ‹Έν”Ό','λ°•λ‹‰','parkssafy@email.com',1,now()),
(4,'choissafy','123','μµμ‹Έν”Ό','μµλ‹‰','choissafy@email.com',1,now()),
(5,'jeongssafy','123','μ •μ‹Έν”Ό','μ •λ‹‰','jeongssafy@email.com',1,now()),
(6,'kangssafy','123','κ°•μ‹Έν”Ό','κ°•λ‹‰','kangssafy@email.com',1,now()),
(7,'jossafy','123','μ΅°μ‹Έν”Ό','μ΅°λ‹‰','jossafy@email.com',1,now()),
(8,'yoonssafy','123','μ¤μ‹Έν”Ό','μ¤λ‹‰','yoonssafy@email.com',1,now()),
(9,'jangssafy','123','μ¥μ‹Έν”Ό','μ¥λ‹‰','jangssafy@email.com',1,now()),
(10,'limssafy','123','μ„μ‹Έν”Ό','μ„λ‹‰','limssafy@email.com',1,now()),
(11,'ssafy','1234','κ΄€λ¦¬μ','κ΄€λ¦¬μ','ssafy@ssafy.com',2,now());
commit;

INSERT INTO board VALUES
(1,"μμ κ²μ‹ν","μμ κ²μ‹ν",now()),
(2,"κ³µμ§€μ‚¬ν•­","κ³µμ§€μ‚¬ν•­",now());
commit;

INSERT INTO article (article_id,title,content,board_id,user_seq,created_at)
VALUES 
(1,"μ•λ…•ν•μ„Έμ”","λ°κ°‘μµλ‹λ‹¤",1,1,now()),
(2,"μ•λ…•ν•μ„Έμ”2","λ°κ°‘μµλ‹λ‹¤2",1,1,now()),
(3,"μ•λ…•ν•μ„Έμ”3","λ°κ°‘μµλ‹λ‹¤3",1,1,now()),
(4,"κ³µμ§€μ‚¬ν•­","κ³µμ§€μ‚¬ν•­",2,1,now());
commit;

INSERT INTO comment (comment_id,content,user_seq,article_id,board_id,created_at)
VALUES
(1,"λ“κΈ€1",2,1,1,now()),
(2,"λ“κΈ€2",2,1,1,now()),
(3,"λ“κΈ€3",2,1,1,now()),
(4,"λ“κΈ€4",2,4,2,now());
commit;

INSERT INTO video (video_id, title, channel_title, description, part) 
VALUES 
("T-bVqdhqW2U", "π”¥μ¶λ μ΄λ” ν”λμ‚΄π”¥λΉ¨λ¦¬ λΉΌλ ¤λ©΄ 1λ‹¬λ§ μ΄ λ£¨ν‹΄ν•μ„Έμ”. (ν”λμ‚΄λΉΌλ”μ΄λ™/ν”λμ‚΄ λΉ¨λ¦¬ λΉΌλ”λ²•/ν”λμ‚΄ μ™„μ „ μ κ±° μ΄λ™)", "λΉ„νƒ€λ―Όμ‹ μ§€λ‹ VitaminJINY", "ν”λμ‚΄ #ν”λμ‚΄λΉΌλ”μ΄λ™ #ν”λμ‚΄λΉ¨λ¦¬λΉΌλ”λ²• ν”λμ‚΄λΉΌλ”μ΄λ™ 2νƒ„ https://www.youtube.com/watch?v=l8KA8dgbUd0&t=155s ...", "ν”"),
("u47s1pxeEZU", "ν”μ΄λ™μ„ ν•λ©΄ λ²μ–΄μ§€λ” μΌ!?", "λ³΄ν†µμ‚¬λμ„ μ„ν• μ΄λ™μ±„λ„", "ν¬κ³  κ°•ν• ν”κ·Όμ΅ λ§λ“λ” κΏ€νμ΄ κ°€λ“ν• [ν’€μμƒ] : https://www.youtube.com/watch?v=AfHZGfbePsE β–· 'λ³΄ν†µμ‚¬λ'μ΄ λ°”λ΅ λ”°λΌν•  μ ...", "ν”"),
("vNmvIF5j0no", "λ‘κΊΌμ΄ ν”μ„ μ„ν• μ‚Όλ‘ μ΄λ™ λ”± &#39;λ„¤ κ°€μ§€&#39; (ν¬λ¦¬μ¤ λ²”μ¤ν…λ“ ν” μ΄λ™ λ£¨ν‹΄ #1 | μ΄λ°κ±Έ μ•κ³  ν•΄μ•Ό λ‘κΊΌμ›μ§‘λ‹λ‹¤)", "μ•κ³ ν•λ” ν—¬μ¤", "ν” λ‘κΊΌμ›μ§€λ” μ΄λ™ μ°Ύκ³  κ³„μ‹μ£ ? ν¬λ¦¬μ¤ λ²”μ¤ν…λ“λ” λ¬΄μ¨ ν”μ΄λ™μ„ μ–΄λ–»κ² ν•΄μ„ ν”μ΄ λ‘κΊΌμ›μ΅μ„κΉμ”? μ¤λμ€ ν¬λ¦¬μ¤ λ²”μ¤ν…λ“μ ν” ...", "ν”"),
("URVOrAxBDq0", "[ENG] π…μ”μΌλ³„μ΄λ™π… κΈμ”μΌ ν•λ‹ μ΅°μ§μΌλ΅ λμ•„μ¤μ‹­μ‡Ό.. μ–΄κΉ¨/ν” μ΄λ™", "ν™μΌλΈ", "μΌλΈμ±λ¦°μ§€ #μ—¬μμ–΄κΉ¨μ΄λ™ #μƒμ²΄κ·Όλ ¥μ΄λ™.", "ν”"),
("N1ZpbAWvRpw", "π’π»μ •λ§ μ•λΉ μ§€λ” λ‘νΌν• ν”λμ‚΄ π”¥1λ‹¬λ§μ— -7cm μ—†μ• λ”π”¥ ν¨κ³Ό λ³΄μ¥ λ£¨ν‹΄ ( * ν•λ£¨μ— λ”± 8λ¶„λ§ ν¬μν•μ„Έμ” )", "μ—μ΄ν• afit", "μ΄ μμƒμ€ μ λ£κ΄‘κ³ κ°€ μ—†μµλ‹λ‹¤ β μ¤λ μ΄λ™μ€ λ‚μ΄λ„κ°€ κ·Έλ ‡κ² λ§μ΄ λ†’μ§€ μ•κΈ° λ•λ¬Έμ— ν•λ£¨ μ¤‘ μ•„λ¬΄λ•λ‚ ν•΄μ£Όμ…”λ„ μ •λ§ κ΄μ°®μ€ μ΄λ™ ...", "ν”"),
("JsF2nzetLBU", "π‘‘μ΅°νμ β€8,000,000β€™ μ°μ€π‘‘μ „μ„¤μ ν”λμ‚΄λΉΌλ”μ΄λ™ 7λ¶„ λ¦¬λ‰΄μ–Ό λ²„μ „", "λΉ„νƒ€λ―Όμ‹ μ§€λ‹ VitaminJINY", "ν”λμ‚΄λΉΌλ”μ΄λ™ #ν”λμ‚΄μ™„μ „μ κ±°μ΄λ™ #tonedarmsworkout ...", "ν”"),
("7FtObDQ1D-U", "ν”μ΄ μ• μ»¤μ§€λ” 5κ°€μ§€ μ΄μ  [feat. ν” μ΄λ™ λ£¨ν‹΄]", "μ„Έκ³„μ μΌλ΅ μ λ…ν• μ΄λ™ μ •λ³΄", "μ΄λ‘ #μ‚Όλ‘ #ν”μ΄λ™λ£¨ν‹΄ μ΄λ² μμƒμ€ ν” μ΄λ™μ— μ§„μ‹¬μΈ μ ν”„ν•μ΄ μƒλ΅­κ² μ„¤κ³„ν• ν” μ΄λ™ λ£¨ν‹΄μ„ μ•μ•„λ³΄κ² μµλ‹λ‹¤! [μ°Έκ³ μλ£] -5 Steps ...", "ν”"),
("KQwYFHWCHco", "μ§§κ³  κµµκ²β οΈ 5λ¶„λ§μ— νƒ„νƒ„ν• ν”κ·Όμ΅ λ§λ“λ” μ΄λ™ (NOμ‰¬λ”μ‹κ°„)", "μ—μΌλ¦° mind yoga", "μ§§κµµ μ‹λ¦¬μ¦ 1νƒ„, ν”μ΄λ™νΈ. NO BREAK! 5λ¶„λ™μ• λΉ λ¥΄κ² λ‹¬λ¦¬λ”   μ—¬μ ν”κ·Όμ΅ λ§λ“¤κΈ° λ£¨ν‹΄μ΄μ—μ”. μ¶λ μ΄λ” ν”λμ‚΄μ€ λ¨λ‘ μ κ±°ν•λ” ...", "ν”"),
("KaWNR0Rzydg", "1λ²λ§ λ”°λΌν•΄λ„ β€ν”λμ‚΄β€™μ΄ κΈλ°© μ–‡μ•„μ§€λ” β€μ—­λ€κΈ‰ ν”λμ‚΄ λλ ¤κΉκΈ°β€™ (κΈ‰μ†λ²„μ „π”¥)", "λΉ„νƒ€λ―Όμ‹ μ§€λ‹ VitaminJINY", "ν”λμ‚΄λΉΌλ”μ΄λ™ #ν”λμ‚΄λΉΌκΈ° #ν”λμ‚΄ β“μ΄μ λ―Όμ†λ§¤λ¥Ό μ…κ³  μ‹¶μ€λ° ν”λμ΄ λ‘κΊΌμ›μ„ λΌμΈμ΄ μ•μ΄μλ‹¤κ±°λ‚! β“μ•„λ¬΄λ¦¬ μ΄λ™ν•΄λ„ ν”λ ...", "ν”"),
("qkQdIMW1xlw", "Lv.2 κ½‰! μ°¨λ” λ¨Έμ¬ν• λ§λ“λ” ν” λ£¨ν‹΄ (μ΄λ‘,μ‚Όλ‘) λ¤λ²¨ν•„μ”", "κ¶νTV", "κ¶νμ΄ μ§μ ‘ μ§μ¤€ μ‹λ‹¨*κ¶νμ΄ μ§μ ‘ μ§μ¤€ μ‹λ‹¨ λ° μ΄λ™λ£¨ν‹΄* https://hulktv.imweb.me/. * λ‹­κ°€μ΄μ‚΄ μµμ €κ°€ λ―ΈνΈλ¦¬ ...", "ν”")
;
commit;